Address,Postcode
"2 Braybrook Street, London",W12 0AP
"Flat 5, Barons Court Mansions, Gledstanes Road, London",W14 9HZ
"3 Second Avenue, London",W10 4RN
"3 Abbotsbury Road, London",W14 8EH
"First And Second Floor Flat, 28 Woodhurst Road, London",W3 6SP
"Flat 16, Monckton Court, Strangways Terrace, London",W14 8NF
"Flat 4, 17 Mornington Avenue, London",W14 8UJ
"16 Raymond Avenue, London",W13 9UZ
"Aveling House, 1B Upper Wimpole Street, London",W1G 6AB
"Flat 25, 55 Park Lane, London",W1K 1PT
"541 Westgate House, West Gate, London",W5 1BN
"First Floor Flat, 305 Westbourne Grove, London",W11 2QA
"Flat 30, Trinity Court, 170A Gloucester Terrace, London",W2 6HS
"43 Redan Street, London",W14 0AB
"18 Barton Road, London",W14 9HD
"18 Westbourne Avenue, London",W3 6JL
"Flat 6, 41 - 42 Warren Street, London",W1T 6AG
"Third Floor, 33 Cork Street, London",W1S 3NQ
"19B Alfred Road, London",W3 6LH
"Ground Floor Flat 19, Addison Park Mansions, Richmond Way, London",W14 0EA
"Apartment 4, 38 Langham Street, London",W1W 7AP
"Flat 4, Quantock House, 20 Foley Street, London",W1W 6DP
"Flat E, 413 - 419 Harrow Road, London",W9 3QJ
"Flat 6, St. Columbs House, 9 - 39 Blagrove Road, London",W10 5TJ
"18 Albemarle Street, London",W1S 4HR
"46 Pembroke Square, London",W8 6PE
"23 Lexham House, 53 Lexham Gardens, London",W8 5JT
"Flat 18, Prebend Mansions, Chiswick High Road, London",W4 2LU
"39 Goodge Street, London",W1T 2PX
"17C Windsor Court, Moscow Road, London",W2 4SN
